number,value,datetime_start,datetime_complete,duration,params_colsample_bytree,params_gamma,params_learning_rate,params_max_depth,params_min_child_weight,params_n_estimators,params_subsample,state
0,0.47333333333333333,2025-12-09 09:31:54.892445,2025-12-09 09:31:55.123054,0 days 00:00:00.230609,0.5914734284866388,4.475969246804094,0.028481834885240555,10,9,326,0.5725560614448386,COMPLETE
1,0.6095238095238095,2025-12-09 09:31:55.125765,2025-12-09 09:31:55.283095,0 days 00:00:00.157330,0.58302387124305,1.7179766134938168,0.045363452506366045,8,4,152,0.7204194083600707,COMPLETE
2,0.47333333333333333,2025-12-09 09:31:55.287105,2025-12-09 09:31:55.383789,0 days 00:00:00.096684,0.7889244557825417,1.1787102640342524,0.2931564597749473,2,8,109,0.9233131678200943,COMPLETE
3,0.5971428571428571,2025-12-09 09:31:55.385794,2025-12-09 09:31:55.553829,0 days 00:00:00.168035,0.7723677421473647,2.679899554985142,0.11963339702492412,3,1,152,0.5346382826000831,COMPLETE
4,0.47333333333333333,2025-12-09 09:31:55.560230,2025-12-09 09:31:55.768581,0 days 00:00:00.208351,0.9337917199932142,4.097918522184635,0.0011495042256280442,3,8,260,0.9693801445283187,COMPLETE
5,0.5961904761904762,2025-12-09 09:31:55.772729,2025-12-09 09:31:55.960163,0 days 00:00:00.187434,0.7938183186470478,4.3300562800541735,0.26552649011514007,4,5,249,0.707941247803838,COMPLETE
6,0.47333333333333333,2025-12-09 09:31:55.964173,2025-12-09 09:31:56.110295,0 days 00:00:00.146122,0.8380013827907341,2.8793657579302883,0.0076234922068822005,7,6,141,0.5174861192790039,COMPLETE
7,0.7028571428571428,2025-12-09 09:31:56.114327,2025-12-09 09:31:56.370194,0 days 00:00:00.255867,0.9312779409422398,2.3198707336648527,0.01668101847314333,5,5,214,0.9743581689688523,COMPLETE
8,0.5552380952380952,2025-12-09 09:31:56.374203,2025-12-09 09:31:56.641974,0 days 00:00:00.267771,0.556441186512066,3.442106801474175,0.06897694091078696,2,4,302,0.5485880663588996,COMPLETE
9,0.5428571428571429,2025-12-09 09:31:56.645973,2025-12-09 09:31:56.822227,0 days 00:00:00.176254,0.7399405691723244,0.13597605272006485,0.0011442713907753577,3,2,100,0.9600310258370451,COMPLETE
10,0.6228571428571429,2025-12-09 09:31:56.827863,2025-12-09 09:31:56.924289,0 days 00:00:00.096426,0.988511788626088,1.8653664046368092,0.009726992719013861,5,6,53,0.8486271918711319,COMPLETE
11,0.5961904761904762,2025-12-09 09:31:56.928948,2025-12-09 09:31:57.032437,0 days 00:00:00.103489,0.991942286344804,1.7729051420593092,0.008442938847361622,5,6,64,0.8320708500336328,COMPLETE
12,0.5161904761904762,2025-12-09 09:31:57.036447,2025-12-09 09:31:57.320943,0 days 00:00:00.284496,0.9051746940913028,1.016982578122404,0.009068181745660755,6,7,223,0.8355736720698659,COMPLETE
13,0.47333333333333333,2025-12-09 09:31:57.323943,2025-12-09 09:31:57.529913,0 days 00:00:00.205970,0.999822419944369,2.080695974239467,0.004090785131643389,5,10,199,0.8642434988465447,COMPLETE
14,0.5561904761904761,2025-12-09 09:31:57.533484,2025-12-09 09:31:57.871255,0 days 00:00:00.337771,0.8918553512260896,3.361961736554214,0.00358070490097911,8,3,190,0.9009993163103799,COMPLETE
15,0.6495238095238095,2025-12-09 09:31:57.876257,2025-12-09 09:31:58.205886,0 days 00:00:00.329629,0.9517191673533693,0.8468726383334977,0.01737037242407529,6,5,278,0.7709802004693079,COMPLETE
16,0.6095238095238096,2025-12-09 09:31:58.211245,2025-12-09 09:31:58.529651,0 days 00:00:00.318406,0.7031063539976273,0.05774794458944987,0.02019611124142259,7,4,286,0.6542267768379357,COMPLETE
17,0.6228571428571429,2025-12-09 09:31:58.532651,2025-12-09 09:31:58.953680,0 days 00:00:00.421029,0.6589814667248584,0.7716813398935896,0.03913397635139449,10,5,348,0.7650274929138405,COMPLETE
18,0.6638095238095237,2025-12-09 09:31:58.959508,2025-12-09 09:31:59.451578,0 days 00:00:00.492070,0.8394035128035479,0.464679961845599,0.01796761900177619,6,2,259,0.7731087381375419,COMPLETE
19,0.582857142857143,2025-12-09 09:31:59.455589,2025-12-09 09:31:59.830026,0 days 00:00:00.374437,0.8323337563868144,3.5238448099448236,0.08679762552116702,8,1,236,0.6387627835185736,COMPLETE
20,0.5285714285714286,2025-12-09 09:31:59.833065,2025-12-09 09:32:00.160277,0 days 00:00:00.327212,0.8691909894066766,4.882216444102109,0.005068834582423079,4,2,178,0.9975424089669199,COMPLETE
21,0.621904761904762,2025-12-09 09:32:00.164314,2025-12-09 09:32:00.580920,0 days 00:00:00.416606,0.9474203156262176,0.6070856281495705,0.01724894148648084,6,3,277,0.7800198094185927,COMPLETE
22,0.47333333333333333,2025-12-09 09:32:00.584970,2025-12-09 09:32:00.809165,0 days 00:00:00.224195,0.9422089351803938,1.119371560979595,0.015753056446822896,6,7,227,0.7926712337039546,COMPLETE
23,0.6371428571428571,2025-12-09 09:32:00.814723,2025-12-09 09:32:01.167992,0 days 00:00:00.353269,0.8464724072588096,0.5158957292142643,0.024865011846293167,7,3,308,0.6622764757381981,COMPLETE
24,0.6114285714285714,2025-12-09 09:32:01.172001,2025-12-09 09:32:01.435104,0 days 00:00:00.263103,0.9094382908421418,1.4153951089643335,0.04319560167880867,4,5,263,0.7226730173486609,COMPLETE
25,0.6485714285714285,2025-12-09 09:32:01.439356,2025-12-09 09:32:01.805628,0 days 00:00:00.366272,0.9489608792647848,2.330849490562895,0.013812182330539822,7,2,221,0.6119149793113486,COMPLETE
26,0.5019047619047619,2025-12-09 09:32:01.812492,2025-12-09 09:32:02.087074,0 days 00:00:00.274582,0.8691023221931653,0.2571514777011753,0.005892729873355497,5,7,282,0.8940889838610693,COMPLETE
27,0.6771428571428572,2025-12-09 09:32:02.091084,2025-12-09 09:32:02.511265,0 days 00:00:00.420181,0.8215300809760522,1.4728567717335515,0.0032282874755479004,6,4,318,0.8102906088914207,COMPLETE
28,0.6638095238095237,2025-12-09 09:32:02.514264,2025-12-09 09:32:02.911790,0 days 00:00:00.397526,0.7034399789929191,1.3861599034687933,0.002364632819321308,9,4,338,0.8038855539811126,COMPLETE
29,0.6504761904761904,2025-12-09 09:32:02.914791,2025-12-09 09:32:03.430697,0 days 00:00:00.515906,0.8134490120951436,2.135197951107333,0.0021957566938215524,6,3,325,0.6917608051116173,COMPLETE
30,0.621904761904762,2025-12-09 09:32:03.434745,2025-12-09 09:32:03.938462,0 days 00:00:00.503717,0.7468632604237049,2.565523370037405,0.002045377649700394,5,2,311,0.5877043610431791,COMPLETE
31,0.6495238095238095,2025-12-09 09:32:03.944930,2025-12-09 09:32:04.345460,0 days 00:00:00.400530,0.6601276186633365,1.4201886511061248,0.00241508970126524,9,4,335,0.8056099658399917,COMPLETE
32,0.6371428571428572,2025-12-09 09:32:04.349671,2025-12-09 09:32:04.771813,0 days 00:00:00.422142,0.6720866276119127,1.459893359624946,0.0028999854067329072,10,4,327,0.7421385388096483,COMPLETE
33,0.6095238095238096,2025-12-09 09:32:04.775971,2025-12-09 09:32:05.156196,0 days 00:00:00.380225,0.6263177454883184,1.5653053272049913,0.00148079067836244,9,4,341,0.8894197003191872,COMPLETE
34,0.5961904761904762,2025-12-09 09:32:05.160818,2025-12-09 09:32:05.494588,0 days 00:00:00.333770,0.7627804253457615,2.8399523650475986,0.027389279419034233,8,1,298,0.8138075753018325,COMPLETE
35,0.5552380952380952,2025-12-09 09:32:05.499364,2025-12-09 09:32:05.845834,0 days 00:00:00.346470,0.7273221551967823,0.3972109567965841,0.011784729651713084,7,3,251,0.924308000950194,COMPLETE
36,0.6495238095238095,2025-12-09 09:32:05.849846,2025-12-09 09:32:06.039273,0 days 00:00:00.189427,0.797326505984124,2.0511128736509665,0.00630268831518371,9,5,168,0.7351569575092505,COMPLETE
37,0.6361904761904762,2025-12-09 09:32:06.044995,2025-12-09 09:32:06.454679,0 days 00:00:00.409684,0.5039153053660088,1.1597464472027026,0.0016469965775001282,4,6,324,0.942504574898452,COMPLETE
38,0.5,2025-12-09 09:32:06.460432,2025-12-09 09:32:06.636226,0 days 00:00:00.175794,0.7086283790977806,2.386799056778131,0.14902877318068394,6,8,208,0.6897408612608095,COMPLETE
39,0.6095238095238095,2025-12-09 09:32:06.640742,2025-12-09 09:32:06.904916,0 days 00:00:00.264174,0.7789918586566961,0.7512963318507244,0.059382687699095084,7,4,259,0.8680928722093677,COMPLETE
40,0.5152380952380952,2025-12-09 09:32:06.910670,2025-12-09 09:32:07.596697,0 days 00:00:00.686027,0.8811665319782201,1.7139580166486423,0.0038984239311915247,5,1,350,0.9996797370405366,COMPLETE
41,0.6238095238095238,2025-12-09 09:32:07.600707,2025-12-09 09:32:08.070799,0 days 00:00:00.470092,0.8123863429163076,2.2139866294095523,0.0010204728589355866,6,3,322,0.6913112588650854,COMPLETE
42,0.5971428571428571,2025-12-09 09:32:08.076880,2025-12-09 09:32:08.619456,0 days 00:00:00.542576,0.8279327313853548,3.1089987778590853,0.0017055700711399167,6,2,295,0.7594802193428082,COMPLETE
43,0.6371428571428571,2025-12-09 09:32:08.621461,2025-12-09 09:32:08.977970,0 days 00:00:00.356509,0.801091785997399,1.9029550399660358,0.0027958357623579532,5,3,311,0.6886500224839688,COMPLETE
44,0.6238095238095238,2025-12-09 09:32:08.981981,2025-12-09 09:32:09.300121,0 days 00:00:00.318140,0.8561197957567459,2.5445353378316176,0.0019885938913141435,4,4,267,0.831154103759183,COMPLETE
45,0.6495238095238095,2025-12-09 09:32:09.305520,2025-12-09 09:32:09.536620,0 days 00:00:00.231100,0.9192722251570211,1.3015968409742231,0.0013505613978911763,6,5,142,0.7991468028518797,COMPLETE
46,0.6904761904761905,2025-12-09 09:32:09.541640,2025-12-09 09:32:10.055452,0 days 00:00:00.513812,0.7718187427641995,1.6463199325919347,0.011865919495138924,3,3,333,0.7105339333618059,COMPLETE
47,0.6504761904761904,2025-12-09 09:32:10.060174,2025-12-09 09:32:10.371137,0 days 00:00:00.310963,0.7734220638881071,0.9985026003981347,0.010997762430574123,2,2,241,0.7220803137908135,COMPLETE
48,0.6495238095238095,2025-12-09 09:32:10.375240,2025-12-09 09:32:10.531322,0 days 00:00:00.156082,0.7163849194694323,1.6311606659361597,0.03371296648547792,3,4,115,0.7444323951785161,COMPLETE
49,0.6504761904761904,2025-12-09 09:32:10.535332,2025-12-09 09:32:10.878241,0 days 00:00:00.342909,0.686863443555648,1.8785625093761955,0.007127817731363976,3,6,336,0.969177615285879,COMPLETE
50,0.5,2025-12-09 09:32:10.882252,2025-12-09 09:32:11.059607,0 days 00:00:00.177355,0.6244447146235825,3.767043803583733,0.005234673418749472,4,5,208,0.50054305224177,COMPLETE
51,0.6904761904761905,2025-12-09 09:32:11.061614,2025-12-09 09:32:11.383436,0 days 00:00:00.321822,0.8175949017668886,2.0735034276490314,0.023173699607263624,2,3,313,0.705033878952882,COMPLETE
52,0.6638095238095237,2025-12-09 09:32:11.387446,2025-12-09 09:32:11.700475,0 days 00:00:00.313029,0.9719816648184014,2.793694425392991,0.021503626559157565,2,3,292,0.6615245741160423,COMPLETE
53,0.5961904761904762,2025-12-09 09:32:11.702480,2025-12-09 09:32:12.027409,0 days 00:00:00.324929,0.7576913163712966,1.911697314564575,0.031619694882814554,2,2,308,0.7110142998409289,COMPLETE
54,0.5952380952380952,2025-12-09 09:32:12.031419,2025-12-09 09:32:12.348882,0 days 00:00:00.317463,0.7300984116413282,3.0444516981200342,0.013562511788624384,3,3,275,0.7841363814550801,COMPLETE
55,0.6628571428571428,2025-12-09 09:32:12.352892,2025-12-09 09:32:12.755447,0 days 00:00:00.402555,0.8301193406809046,1.7203944257069355,0.020847810045463794,3,4,318,0.8585842017332215,COMPLETE
56,0.5971428571428571,2025-12-09 09:32:12.760463,2025-12-09 09:32:13.049475,0 days 00:00:00.289012,0.7767440641822163,0.9049144858438424,0.008841733242560611,2,5,337,0.6348895552760184,COMPLETE
57,0.47333333333333333,2025-12-09 09:32:13.053475,2025-12-09 09:32:13.356887,0 days 00:00:00.303412,0.8625531100730199,1.2945886561145925,0.023393300513732552,8,10,349,0.8245022735991067,COMPLETE
58,0.6371428571428571,2025-12-09 09:32:13.361887,2025-12-09 09:32:13.645715,0 days 00:00:00.283828,0.810853689924089,2.0394624831284096,0.05384988739766328,2,4,303,0.7703863569618451,COMPLETE
59,0.6371428571428571,2025-12-09 09:32:13.649715,2025-12-09 09:32:14.051370,0 days 00:00:00.401655,0.8971908537350382,2.367951318770328,0.01665523680450052,5,1,290,0.6694182460979647,COMPLETE
60,0.6628571428571429,2025-12-09 09:32:14.055380,2025-12-09 09:32:14.425139,0 days 00:00:00.369759,0.8821613733421557,0.5895379850926156,0.03777124000314792,7,3,315,0.877669336695578,COMPLETE
61,0.6638095238095237,2025-12-09 09:32:14.429518,2025-12-09 09:32:14.789925,0 days 00:00:00.360407,0.9699225093554609,2.758903521101137,0.022549456312192663,2,3,291,0.6367594900890226,COMPLETE
62,0.6647619047619047,2025-12-09 09:32:14.796844,2025-12-09 09:32:15.256089,0 days 00:00:00.459245,0.929880099924854,2.660598369292254,0.013693086519499662,3,2,328,0.6734768019171101,COMPLETE
63,0.6085714285714287,2025-12-09 09:32:15.262390,2025-12-09 09:32:15.822442,0 days 00:00:00.560052,0.9195474527525491,2.257646986918149,0.01062941735306687,3,2,330,0.6153293383796351,COMPLETE
64,0.5961904761904762,2025-12-09 09:32:15.829568,2025-12-09 09:32:16.283580,0 days 00:00:00.454012,0.8454953988241266,2.521030702504132,0.01453534100100924,4,2,339,0.726885142394295,COMPLETE
65,0.5961904761904762,2025-12-09 09:32:16.287592,2025-12-09 09:32:16.642446,0 days 00:00:00.354854,0.9271614941346794,3.083887795963836,0.007837282818810057,3,1,185,0.8469765776888358,COMPLETE
66,0.6504761904761904,2025-12-09 09:32:16.647618,2025-12-09 09:32:17.077960,0 days 00:00:00.430342,0.965047415938781,1.558032477660314,0.004607327835767856,3,4,319,0.7532021596450014,COMPLETE
67,0.5819047619047619,2025-12-09 09:32:17.081970,2025-12-09 09:32:17.450904,0 days 00:00:00.368934,0.7951386382274104,2.6197968010528796,0.018969752366916753,5,2,304,0.7033279074226069,COMPLETE
68,0.6085714285714285,2025-12-09 09:32:17.454913,2025-12-09 09:32:17.678338,0 days 00:00:00.223425,0.7466656135192488,2.0085075638184557,0.012659164787947685,6,3,163,0.6766891063260725,COMPLETE
69,0.6371428571428571,2025-12-09 09:32:17.682477,2025-12-09 09:32:17.973096,0 days 00:00:00.290619,0.6919586202896463,1.2177712884248908,0.0031596005131296653,7,5,272,0.7083020048165198,COMPLETE
70,0.6638095238095237,2025-12-09 09:32:17.979097,2025-12-09 09:32:18.285120,0 days 00:00:00.306023,0.8242094241086633,3.273247069273867,0.028292966226724642,4,6,344,0.915126656410989,COMPLETE
71,0.6771428571428572,2025-12-09 09:32:18.289120,2025-12-09 09:32:18.659131,0 days 00:00:00.370011,0.980082435772846,2.9334377493224455,0.019451729226213743,2,3,283,0.6114230042908411,COMPLETE
72,0.5961904761904762,2025-12-09 09:32:18.663143,2025-12-09 09:32:18.978202,0 days 00:00:00.315059,0.9876947144803309,2.9405678437078833,0.01772633946844669,2,3,253,0.5723741703993135,COMPLETE
73,0.6095238095238095,2025-12-09 09:32:18.982212,2025-12-09 09:32:19.300566,0 days 00:00:00.318354,0.9800977166838993,2.4430797518849974,0.010083926577667358,2,4,329,0.5450646989525563,COMPLETE
74,0.6352380952380952,2025-12-09 09:32:19.304314,2025-12-09 09:32:19.638636,0 days 00:00:00.334322,0.959143397918442,3.721335767922805,0.015263354143576945,2,2,285,0.6134765895847112,COMPLETE
75,0.6638095238095237,2025-12-09 09:32:19.645621,2025-12-09 09:32:19.956294,0 days 00:00:00.310673,0.9380652221177547,2.2316574786133265,0.02467643338069736,3,3,230,0.6009932868642831,COMPLETE
76,0.6238095238095237,2025-12-09 09:32:19.961160,2025-12-09 09:32:20.303914,0 days 00:00:00.342754,0.9098221692835861,0.0036829752063569643,0.08744741031723695,10,4,298,0.78244185482035,COMPLETE
77,0.6361904761904762,2025-12-09 09:32:20.310589,2025-12-09 09:32:20.673577,0 days 00:00:00.362988,0.9959749380122669,1.473325083385819,0.03379306047924072,3,3,317,0.6527154471388255,COMPLETE
78,0.6238095238095237,2025-12-09 09:32:20.679333,2025-12-09 09:32:21.116375,0 days 00:00:00.437042,0.8510962031163001,2.678667972382823,0.011952967942105824,8,2,330,0.8164469021863247,COMPLETE
79,0.47333333333333333,2025-12-09 09:32:21.120122,2025-12-09 09:32:21.358054,0 days 00:00:00.237932,0.8762929639101906,3.2807320006471845,0.0443234895332076,5,9,282,0.7377315678416386,COMPLETE
80,0.5838095238095238,2025-12-09 09:32:21.362657,2025-12-09 09:32:21.706754,0 days 00:00:00.344097,0.7837068021700044,1.8236889577701618,0.028646560820665082,6,4,268,0.6469753998501283,COMPLETE
81,0.6771428571428572,2025-12-09 09:32:21.711109,2025-12-09 09:32:22.070029,0 days 00:00:00.358920,0.9764181150712707,2.7999248815711786,0.020049181327890273,2,3,301,0.6792796226601621,COMPLETE
82,0.6371428571428572,2025-12-09 09:32:22.076060,2025-12-09 09:32:22.394600,0 days 00:00:00.318540,0.9497438953834784,2.9540484542370162,0.019226251877899746,2,3,241,0.674039844972324,COMPLETE
83,0.6904761904761905,2025-12-09 09:32:22.397637,2025-12-09 09:32:22.854712,0 days 00:00:00.457075,0.9314564627972721,1.061384063904611,0.015663407092024167,2,2,310,0.7009998500218152,COMPLETE
84,0.6914285714285715,2025-12-09 09:32:22.858716,2025-12-09 09:32:23.333289,0 days 00:00:00.474573,0.9378682906941728,1.0715642860319639,0.015519394736897495,2,2,305,0.6979575400904284,COMPLETE
85,0.6904761904761905,2025-12-09 09:32:23.337303,2025-12-09 09:32:23.812295,0 days 00:00:00.474992,0.8979043257961221,1.0853512655123385,0.013214446016169548,2,2,310,0.7036259548972963,COMPLETE
86,0.5952380952380952,2025-12-09 09:32:23.816365,2025-12-09 09:32:24.281120,0 days 00:00:00.464755,0.9399351864590542,1.0591324108591287,0.009277047708363356,2,1,303,0.6998058350352598,COMPLETE
87,0.5695238095238095,2025-12-09 09:32:24.285740,2025-12-09 09:32:24.492479,0 days 00:00:00.206739,0.9840395931060587,0.759285789313223,0.02599849066012953,2,2,77,0.7213829890071239,COMPLETE
88,0.6361904761904762,2025-12-09 09:32:24.497178,2025-12-09 09:32:24.949523,0 days 00:00:00.452345,0.9046036302977803,0.9124188863491624,0.016342109036307458,2,1,310,0.6833045744038749,COMPLETE
89,0.6638095238095237,2025-12-09 09:32:24.952035,2025-12-09 09:32:25.389362,0 days 00:00:00.437327,0.887172496245979,1.2696388248242934,0.006882750334122263,2,3,297,0.7135376206510103,COMPLETE
90,0.5695238095238095,2025-12-09 09:32:25.395012,2025-12-09 09:32:25.807853,0 days 00:00:00.412841,0.9565002748063453,1.614308579292583,0.020331327618119243,2,2,311,0.9843806136647153,COMPLETE
91,0.7171428571428571,2025-12-09 09:32:25.813746,2025-12-09 09:32:26.347214,0 days 00:00:00.533468,0.9747073397678927,1.3820524891657844,0.01334914232615387,3,2,322,0.6972903069147279,COMPLETE
92,0.7047619047619047,2025-12-09 09:32:26.351254,2025-12-09 09:32:26.782941,0 days 00:00:00.431687,0.9982345242413033,1.107201183613622,0.015448919074168396,2,2,318,0.6990266345964818,COMPLETE
93,0.6771428571428572,2025-12-09 09:32:26.786952,2025-12-09 09:32:27.238143,0 days 00:00:00.451191,0.9998000208886679,1.11266865567601,0.012321949943635646,2,2,320,0.7315948232994227,COMPLETE
94,0.6914285714285715,2025-12-09 09:32:27.242155,2025-12-09 09:32:27.733204,0 days 00:00:00.491049,0.9212880773446601,1.3600904317930507,0.01559715160699831,3,1,314,0.6965932612229845,COMPLETE
95,0.6771428571428572,2025-12-09 09:32:27.735209,2025-12-09 09:32:28.238452,0 days 00:00:00.503243,0.9220043396822245,1.3471387399847345,0.01548019269598059,3,1,313,0.6941663364135469,COMPLETE
96,0.5419047619047619,2025-12-09 09:32:28.242200,2025-12-09 09:32:28.853304,0 days 00:00:00.611104,0.8973515032697185,1.0083450264742597,0.008321665446359969,4,1,323,0.7498767727095519,COMPLETE
97,0.6352380952380952,2025-12-09 09:32:28.859059,2025-12-09 09:32:29.396074,0 days 00:00:00.537015,0.911927675214928,0.6842983211096404,0.010863038174161054,3,1,345,0.7170422417708178,COMPLETE
98,0.5961904761904762,2025-12-09 09:32:29.398288,2025-12-09 09:32:29.610912,0 days 00:00:00.212624,0.9414532987549833,1.479307718815583,0.014446464766630446,3,2,116,0.6614821140459728,COMPLETE
99,0.5952380952380951,2025-12-09 09:32:29.614923,2025-12-09 09:32:30.121998,0 days 00:00:00.507075,0.9623863778291039,1.70371556502014,0.011698979514331674,3,1,331,0.6949715928930663,COMPLETE
100,0.6761904761904762,2025-12-09 09:32:30.127753,2025-12-09 09:32:30.554718,0 days 00:00:00.426965,0.8661502151399014,1.2000095275963252,0.009842273976958964,2,2,335,0.7036185334572578,COMPLETE
101,0.5819047619047619,2025-12-09 09:32:30.560027,2025-12-09 09:32:30.963393,0 days 00:00:00.403366,0.9504625468349458,0.8383660222398468,0.013395650786828564,2,2,305,0.5668210777272198,COMPLETE
102,0.6238095238095237,2025-12-09 09:32:30.966427,2025-12-09 09:32:31.405934,0 days 00:00:00.439507,0.9721960055113592,1.3750360868601317,0.022984121982038648,2,2,289,0.7292288087340711,COMPLETE
103,0.5419047619047619,2025-12-09 09:32:31.413109,2025-12-09 09:32:31.876965,0 days 00:00:00.463856,0.7642419039778818,0.9499320094354766,0.017025509920945044,2,3,316,0.9509216552250793,COMPLETE
104,0.6761904761904762,2025-12-09 09:32:31.881387,2025-12-09 09:32:32.479893,0 days 00:00:00.598506,0.9358833254011283,1.1533684095033354,0.018604418045166524,3,2,325,0.6287143587121389,COMPLETE
105,0.6904761904761905,2025-12-09 09:32:32.482930,2025-12-09 09:32:32.872292,0 days 00:00:00.389362,0.98915287993967,1.5065198182456792,0.015027122867381915,2,3,296,0.6654393424010503,COMPLETE
106,0.5961904761904762,2025-12-09 09:32:32.878216,2025-12-09 09:32:33.218665,0 days 00:00:00.340449,0.9901151298625122,1.964287506242087,0.16385069651564896,3,1,309,0.6651030003035358,COMPLETE
107,0.6085714285714285,2025-12-09 09:32:33.222675,2025-12-09 09:32:33.603545,0 days 00:00:00.380870,0.9290608872801429,1.7771481965918339,0.015515035016983003,2,2,295,0.686805354184937,COMPLETE
108,0.6095238095238095,2025-12-09 09:32:33.609298,2025-12-09 09:32:34.039490,0 days 00:00:00.430192,0.9618660312005785,1.524919175181672,0.031189003073184812,3,2,339,0.7137150539471876,COMPLETE
109,0.6238095238095237,2025-12-09 09:32:34.044702,2025-12-09 09:32:34.375880,0 days 00:00:00.331178,0.8973507742171893,1.6799726342090069,0.013044646926220425,2,5,322,0.65444950836441,COMPLETE
110,0.6095238095238096,2025-12-09 09:32:34.381106,2025-12-09 09:32:34.801919,0 days 00:00:00.420813,0.9163280396614595,1.2727709620152512,0.007618770278084571,4,3,278,0.743073607128886,COMPLETE
111,0.6638095238095237,2025-12-09 09:32:34.805931,2025-12-09 09:32:35.203972,0 days 00:00:00.398041,0.9773848241046257,2.1306876089312876,0.02198225491202462,2,3,304,0.7012961120742323,COMPLETE
112,0.6504761904761904,2025-12-09 09:32:35.209242,2025-12-09 09:32:35.670508,0 days 00:00:00.461266,0.9805691131093062,1.0643358077312828,0.01836000209334924,2,3,287,0.593877753666702,COMPLETE
113,0.5971428571428572,2025-12-09 09:32:35.677077,2025-12-09 09:32:36.074237,0 days 00:00:00.397160,0.9493755853501572,4.988261260281714,0.014690584446172668,2,4,315,0.6268625594314949,COMPLETE
114,0.6495238095238095,2025-12-09 09:32:36.079262,2025-12-09 09:32:36.540931,0 days 00:00:00.461669,0.9899389781929838,1.4126808456126854,0.011318734355699772,3,3,333,0.7580520223173892,COMPLETE
115,0.6228571428571429,2025-12-09 09:32:36.545951,2025-12-09 09:32:36.918958,0 days 00:00:00.373007,0.966481119613658,1.1977388597981202,0.016904889853175644,2,2,298,0.6840787039015358,COMPLETE
116,0.6628571428571429,2025-12-09 09:32:36.922968,2025-12-09 09:32:37.285185,0 days 00:00:00.362217,0.8063023628689777,1.6328763169612979,0.026187260554109037,2,2,324,0.7084728035811624,COMPLETE
117,0.6238095238095238,2025-12-09 09:32:37.289196,2025-12-09 09:32:37.682418,0 days 00:00:00.393222,0.9980629490737487,0.8330135565563859,0.006140173957992972,3,3,308,0.6480834442861678,COMPLETE
118,0.6371428571428571,2025-12-09 09:32:37.686428,2025-12-09 09:32:38.024118,0 days 00:00:00.337690,0.9571519633528088,0.300016034816148,0.009280972274311683,2,4,282,0.6712745360896276,COMPLETE
119,0.6361904761904762,2025-12-09 09:32:38.028392,2025-12-09 09:32:38.397639,0 days 00:00:00.369247,0.8204832942000861,4.559851196212712,0.03875358599372828,2,1,293,0.7240747332502785,COMPLETE
120,0.6638095238095237,2025-12-09 09:32:38.401650,2025-12-09 09:32:38.718170,0 days 00:00:00.316520,0.5525068817022851,1.3584336366003336,0.013321792796828916,3,2,207,0.7340081954740962,COMPLETE
121,0.6638095238095237,2025-12-09 09:32:38.722180,2025-12-09 09:32:39.094221,0 days 00:00:00.372041,0.9809510144297122,1.0447476866848946,0.02027534621884041,2,3,303,0.6770764997838027,COMPLETE
122,0.6495238095238095,2025-12-09 09:32:39.098231,2025-12-09 09:32:39.513847,0 days 00:00:00.415616,0.9694247591439085,1.4759043731300854,0.02285172237527259,2,3,316,0.6879942288335922,COMPLETE
123,0.6761904761904762,2025-12-09 09:32:39.517847,2025-12-09 09:32:39.931330,0 days 00:00:00.413483,0.9352573326833611,2.430272748356708,0.02030551560607737,2,3,301,0.6963979759261107,COMPLETE
124,0.7038095238095238,2025-12-09 09:32:39.935377,2025-12-09 09:32:40.397160,0 days 00:00:00.461783,0.9768216498418867,2.310623695761875,0.016371868923769323,2,3,320,0.6833300273394398,COMPLETE
125,0.6238095238095237,2025-12-09 09:32:40.402206,2025-12-09 09:32:40.863959,0 days 00:00:00.461753,0.9483027841923793,2.288036416151528,0.016064259831455607,2,2,320,0.7180146356833704,COMPLETE
126,0.6495238095238095,2025-12-09 09:32:40.868000,2025-12-09 09:32:41.370625,0 days 00:00:00.502625,0.9233387103850145,2.1686674882671166,0.012432432193037997,2,3,343,0.6630145481659954,COMPLETE
127,0.6638095238095237,2025-12-09 09:32:41.375662,2025-12-09 09:32:41.751901,0 days 00:00:00.376239,0.9875886312273818,1.809904267248537,0.010317802493193745,4,4,313,0.7052493606854624,COMPLETE
128,0.6361904761904762,2025-12-09 09:32:41.755911,2025-12-09 09:32:42.177234,0 days 00:00:00.421323,0.8370415147465676,1.2757781332193325,0.014585574575331862,3,3,329,0.6445059359259416,COMPLETE
129,0.6371428571428571,2025-12-09 09:32:42.181244,2025-12-09 09:32:42.495630,0 days 00:00:00.314386,0.7869909773993812,1.1483757896387796,0.016579861328512552,2,5,309,0.6850558801001503,COMPLETE
130,0.6628571428571429,2025-12-09 09:32:42.499642,2025-12-09 09:32:42.990615,0 days 00:00:00.490973,0.9072856510253622,0.6446217148610266,0.02573780596614351,3,1,334,0.6959657130763279,COMPLETE
131,0.6771428571428572,2025-12-09 09:32:42.994664,2025-12-09 09:32:43.370104,0 days 00:00:00.375440,0.9709775985564829,2.8165058700896375,0.0183798966596919,2,3,299,0.6787859131390546,COMPLETE
132,0.6638095238095237,2025-12-09 09:32:43.376120,2025-12-09 09:32:43.772845,0 days 00:00:00.396725,0.9773358042485957,2.555037920623252,0.01859592998241297,2,3,325,0.7108111502863013,COMPLETE
133,0.6095238095238096,2025-12-09 09:32:43.779509,2025-12-09 09:32:44.147495,0 days 00:00:00.367986,0.9574277653180417,2.978996068286711,0.021238107188839214,2,4,318,0.6565348764840949,COMPLETE
134,0.6371428571428571,2025-12-09 09:32:44.151504,2025-12-09 09:32:44.631443,0 days 00:00:00.479939,0.999577975278313,1.5502321453618186,0.029469637835010228,2,2,293,0.6673414845685484,COMPLETE
135,0.621904761904762,2025-12-09 09:32:44.635494,2025-12-09 09:32:45.031556,0 days 00:00:00.396062,0.9403882695979637,3.1992358279768847,0.014313392806798976,2,3,218,0.7227519439457901,COMPLETE
136,0.6628571428571429,2025-12-09 09:32:45.035595,2025-12-09 09:32:45.561566,0 days 00:00:00.525971,0.7311645291168676,2.035671576591053,0.011591979289904493,5,3,308,0.7000316886519422,COMPLETE
137,0.5561904761904761,2025-12-09 09:32:45.566634,2025-12-09 09:32:46.072713,0 days 00:00:00.506079,0.990073720873999,2.3404708521844975,0.013028035765235816,2,2,300,0.9298349829588485,COMPLETE
138,0.6495238095238095,2025-12-09 09:32:46.078654,2025-12-09 09:32:46.485541,0 days 00:00:00.406887,0.9294238300000678,2.701287722971269,0.02380148360237312,2,4,285,0.7399221856822753,COMPLETE
139,0.6095238095238095,2025-12-09 09:32:46.489553,2025-12-09 09:32:46.835414,0 days 00:00:00.345861,0.964947972655666,0.9709565760288182,0.016561641549946902,3,2,193,0.6798692304354319,COMPLETE
140,0.4876190476190477,2025-12-09 09:32:46.839423,2025-12-09 09:32:47.227102,0 days 00:00:00.387679,0.976326477048428,1.946147154810853,0.01888737576994194,2,6,315,0.6930425328556421,COMPLETE
141,0.47333333333333333,2025-12-09 09:32:47.231446,2025-12-09 09:32:47.538947,0 days 00:00:00.307501,0.9916300032904487,1.121677228845289,0.012280053345570302,2,7,326,0.7260338128319446,COMPLETE
142,0.6771428571428572,2025-12-09 09:32:47.544286,2025-12-09 09:32:48.024247,0 days 00:00:00.479961,0.982197506582128,0.897383064634228,0.010749013826604824,2,2,322,0.7331343422649025,COMPLETE
143,0.6628571428571429,2025-12-09 09:32:48.029274,2025-12-09 09:32:48.476051,0 days 00:00:00.446777,0.9504395919272517,1.3764789753958082,0.015249026235650866,2,2,319,0.705702103520248,COMPLETE
144,0.6247619047619047,2025-12-09 09:32:48.480063,2025-12-09 09:32:48.941001,0 days 00:00:00.460938,0.9975311993149484,1.0942697963634138,0.008681656192959545,2,2,307,0.7486896123200476,COMPLETE
145,0.6761904761904762,2025-12-09 09:32:48.945965,2025-12-09 09:32:49.494467,0 days 00:00:00.548502,0.9666857022206704,1.261409934622119,0.014076261810318727,3,3,349,0.7157273120580968,COMPLETE
146,0.6095238095238096,2025-12-09 09:32:49.499544,2025-12-09 09:32:50.139296,0 days 00:00:00.639752,0.8888954986664155,1.5922757069671036,0.02075883472589562,2,1,340,0.7647209347227416,COMPLETE
147,0.6371428571428572,2025-12-09 09:32:50.145952,2025-12-09 09:32:50.656320,0 days 00:00:00.510368,0.9856787294998253,2.8677105151781066,0.017263769295684114,2,2,331,0.5255237534323325,COMPLETE
148,0.6638095238095237,2025-12-09 09:32:50.661900,2025-12-09 09:32:51.208215,0 days 00:00:00.546315,0.8770909431117562,0.7590198158599972,0.012798928566520235,7,2,311,0.6747371731535017,COMPLETE
149,0.6771428571428572,2025-12-09 09:32:51.213123,2025-12-09 09:32:51.651798,0 days 00:00:00.438675,0.7550023318771509,2.4553936612585936,0.010014580543194828,5,3,320,0.689024733055379,COMPLETE
